{
  "umbral_DI": 0.12264355823118775,
  "d_train_mean": 1.2565541331055547,
  "cv_stats": {
    "n_correct": 361,
    "n_incorrect": 3,
    "di_correct_p75": 0.12264355823118775,
    "di_correct_median": 0.08212614163795437,
    "di_incorrect_median": 0.22611350810118203
  },
  "feature_importance": {
    "B2": 0.014906177273448552,
    "B3": 0.02258550076672906,
    "B4": 0.03129927651314391,
    "B5": 0.0379544159370681,
    "B6": 0.09391183883005287,
    "B7": 0.07927562395960558,
    "B8": 0.0724714034513103,
    "B8A": 0.12593688983503135,
    "B11": 0.14926633389618557,
    "B12": 0.15439747161497752,
    "NDVI": 0.08399192285901994,
    "NDWI": 0.05929921785597566,
    "EVI": 0.013196455309782038,
    "BSI": 0.06150747189766942,
    "VV": 0.0,
    "VH": 0.0,
    "VH_VV_ratio": 0.0,
    "VV_VH_diff": 0.0
  },
  "n_pixels_dentro": 23477841,
  "n_pixels_fuera": 40388567,
  "n_pixels_nodata": 226174,
  "area_dentro_km2": 2347.7841,
  "area_fuera_km2": 4038.8567,
  "pct_dentro": 36.76086026319188,
  "pixel_area_m2": 100.0
}