{
  "Aguas_Negras": {
    "n_obs": 47,
    "bp_idx": 17,
    "bp_year_orig": 2021.4166666666667,
    "bp_boot_n": 300,
    "ci95_lo": 2020.9166666666667,
    "ci95_hi": 2022.4166666666667,
    "p_no_bp": 0.0,
    "boot_mean": 2021.8469444444443,
    "boot_sd": 0.4154146931488425
  },
  "Cano_Grande": {
    "n_obs": 47,
    "bp_idx": 7,
    "bp_year_orig": 2020.5833333333333,
    "bp_boot_n": 21,
    "ci95_lo": null,
    "ci95_hi": null,
    "p_no_bp": 0.9299999999999999,
    "boot_mean": 2021.9920634920636,
    "boot_sd": 0.7282583966320338
  },
  "Km22": {
    "n_obs": 47,
    "bp_idx": 27,
    "bp_year_orig": 2022.3333333333333,
    "bp_boot_n": 300,
    "ci95_lo": 2020.8333333333333,
    "ci95_hi": 2022.6666666666667,
    "p_no_bp": 0.0,
    "boot_mean": 2021.8208333333334,
    "boot_sd": 0.47195049371572456
  },
  "Luna": {
    "n_obs": 47,
    "bp_idx": 17,
    "bp_year_orig": 2021.4166666666667,
    "bp_boot_n": 300,
    "ci95_lo": 2020.75,
    "ci95_hi": 2023.0833333333333,
    "p_no_bp": 0.0,
    "boot_mean": 2021.9186111111112,
    "boot_sd": 0.5780482139530531
  },
  "Rinconada": {
    "n_obs": 47,
    "bp_idx": 13,
    "bp_year_orig": 2021.0833333333333,
    "bp_boot_n": 276,
    "ci95_lo": 2020.6666666666667,
    "ci95_hi": 2023.25,
    "p_no_bp": 0.07999999999999996,
    "boot_mean": 2021.9830917874394,
    "boot_sd": 0.6835983505982224
  }
}